Domain Code,Domain,Area Code (M49),Area,Element Code,Element,Item Code (CPC),Item,Year Code,Year,Unit,Value,Flag,Flag Description
"QCL","Crops and livestock products","756","Switzerland","5312","Area harvested","01701","Beans, dry","1997","1997","ha","0","M","Missing value (data cannot exist, not applicable)"
"QCL","Crops and livestock products","756","Switzerland","5312","Area harvested","01701","Beans, dry","1998","1998","ha","0","M","Missing value (data cannot exist, not applicable)"
"QCL","Crops and livestock products","756","Switzerland","5312","Area harvested","01701","Beans, dry","1999","1999","ha","0","M","Missing value (data cannot exist, not applicable)"
"QCL","Crops and livestock products","756","Switzerland","5312","Area harvested","01701","Beans, dry","2000","2000","ha","0","M","Missing value (data cannot exist, not applicable)"
"QCL","Crops and livestock products","756","Switzerland","5312","Area harvested","01701","Beans, dry","2001","2001","ha","0","M","Missing value (data cannot exist, not applicable)"
"QCL","Crops and livestock products","756","Switzerland","5312","Area harvested","01701","Beans, dry","2002","2002","ha","0","M","Missing value (data cannot exist, not applicable)"
"QCL","Crops and livestock products","756","Switzerland","5312","Area harvested","01701","Beans, dry","2003","2003","ha","0","M","Missing value (data cannot exist, not applicable)"
"QCL","Crops and livestock products","756","Switzerland","5312","Area harvested","01701","Beans, dry","2004","2004","ha","0","M","Missing value (data cannot exist, not applicable)"
"QCL","Crops and livestock products","756","Switzerland","5312","Area harvested","01701","Beans, dry","2005","2005","ha","0","M","Missing value (data cannot exist, not applicable)"
"QCL","Crops and livestock products","756","Switzerland","5312","Area harvested","01701","Beans, dry","2006","2006","ha","0","M","Missing value (data cannot exist, not applicable)"
"QCL","Crops and livestock products","756","Switzerland","5312","Area harvested","01701","Beans, dry","2007","2007","ha","0","M","Missing value (data cannot exist, not applicable)"
"QCL","Crops and livestock products","756","Switzerland","5312","Area harvested","01701","Beans, dry","2008","2008","ha","0","M","Missing value (data cannot exist, not applicable)"
"QCL","Crops and livestock products","756","Switzerland","5312","Area harvested","01701","Beans, dry","2009","2009","ha","0","M","Missing value (data cannot exist, not applicable)"
"QCL","Crops and livestock products","756","Switzerland","5312","Area harvested","01701","Beans, dry","2010","2010","ha","0","M","Missing value (data cannot exist, not applicable)"
"QCL","Crops and livestock products","756","Switzerland","5312","Area harvested","01701","Beans, dry","2011","2011","ha","0","M","Missing value (data cannot exist, not applicable)"
"QCL","Crops and livestock products","756","Switzerland","5312","Area harvested","01701","Beans, dry","2012","2012","ha","0","M","Missing value (data cannot exist, not applicable)"
"QCL","Crops and livestock products","756","Switzerland","5312","Area harvested","01701","Beans, dry","2013","2013","ha","0","M","Missing value (data cannot exist, not applicable)"
"QCL","Crops and livestock products","756","Switzerland","5312","Area harvested","01701","Beans, dry","2014","2014","ha","0","M","Missing value (data cannot exist, not applicable)"
"QCL","Crops and livestock products","756","Switzerland","5312","Area harvested","01701","Beans, dry","2015","2015","ha","0","M","Missing value (data cannot exist, not applicable)"
"QCL","Crops and livestock products","756","Switzerland","5312","Area harvested","01701","Beans, dry","2016","2016","ha","0","M","Missing value (data cannot exist, not applicable)"
"QCL","Crops and livestock products","756","Switzerland","5312","Area harvested","01701","Beans, dry","2017","2017","ha","0","M","Missing value (data cannot exist, not applicable)"
"QCL","Crops and livestock products","756","Switzerland","5312","Area harvested","01701","Beans, dry","2018","2018","ha","0","M","Missing value (data cannot exist, not applicable)"
"QCL","Crops and livestock products","756","Switzerland","5312","Area harvested","01701","Beans, dry","2019","2019","ha","0","M","Missing value (data cannot exist, not applicable)"
"QCL","Crops and livestock products","756","Switzerland","5312","Area harvested","01701","Beans, dry","2020","2020","ha","0","M","Missing value (data cannot exist, not applicable)"
"QCL","Crops and livestock products","756","Switzerland","5312","Area harvested","01701","Beans, dry","2021","2021","ha","0","M","Missing value (data cannot exist, not applicable)"
"QCL","Crops and livestock products","756","Switzerland","5510","Production","01701","Beans, dry","1997","1997","t","0","M","Missing value (data cannot exist, not applicable)"
"QCL","Crops and livestock products","756","Switzerland","5510","Production","01701","Beans, dry","1998","1998","t","0","M","Missing value (data cannot exist, not applicable)"
"QCL","Crops and livestock products","756","Switzerland","5510","Production","01701","Beans, dry","1999","1999","t","0","M","Missing value (data cannot exist, not applicable)"
"QCL","Crops and livestock products","756","Switzerland","5510","Production","01701","Beans, dry","2000","2000","t","0","M","Missing value (data cannot exist, not applicable)"
"QCL","Crops and livestock products","756","Switzerland","5510","Production","01701","Beans, dry","2001","2001","t","0","M","Missing value (data cannot exist, not applicable)"
"QCL","Crops and livestock products","756","Switzerland","5510","Production","01701","Beans, dry","2002","2002","t","0","M","Missing value (data cannot exist, not applicable)"
"QCL","Crops and livestock products","756","Switzerland","5510","Production","01701","Beans, dry","2003","2003","t","0","M","Missing value (data cannot exist, not applicable)"
"QCL","Crops and livestock products","756","Switzerland","5510","Production","01701","Beans, dry","2004","2004","t","0","M","Missing value (data cannot exist, not applicable)"
"QCL","Crops and livestock products","756","Switzerland","5510","Production","01701","Beans, dry","2005","2005","t","0","M","Missing value (data cannot exist, not applicable)"
"QCL","Crops and livestock products","756","Switzerland","5510","Production","01701","Beans, dry","2006","2006","t","0","M","Missing value (data cannot exist, not applicable)"
"QCL","Crops and livestock products","756","Switzerland","5510","Production","01701","Beans, dry","2007","2007","t","0","M","Missing value (data cannot exist, not applicable)"
"QCL","Crops and livestock products","756","Switzerland","5510","Production","01701","Beans, dry","2008","2008","t","0","M","Missing value (data cannot exist, not applicable)"
"QCL","Crops and livestock products","756","Switzerland","5510","Production","01701","Beans, dry","2009","2009","t","0","M","Missing value (data cannot exist, not applicable)"
"QCL","Crops and livestock products","756","Switzerland","5510","Production","01701","Beans, dry","2010","2010","t","0","M","Missing value (data cannot exist, not applicable)"
"QCL","Crops and livestock products","756","Switzerland","5510","Production","01701","Beans, dry","2011","2011","t","0","M","Missing value (data cannot exist, not applicable)"
"QCL","Crops and livestock products","756","Switzerland","5510","Production","01701","Beans, dry","2012","2012","t","0","M","Missing value (data cannot exist, not applicable)"
"QCL","Crops and livestock products","756","Switzerland","5510","Production","01701","Beans, dry","2013","2013","t","0","M","Missing value (data cannot exist, not applicable)"
"QCL","Crops and livestock products","756","Switzerland","5510","Production","01701","Beans, dry","2014","2014","t","0","M","Missing value (data cannot exist, not applicable)"
"QCL","Crops and livestock products","756","Switzerland","5510","Production","01701","Beans, dry","2015","2015","t","0","M","Missing value (data cannot exist, not applicable)"
"QCL","Crops and livestock products","756","Switzerland","5510","Production","01701","Beans, dry","2016","2016","t","0","M","Missing value (data cannot exist, not applicable)"
"QCL","Crops and livestock products","756","Switzerland","5510","Production","01701","Beans, dry","2017","2017","t","0","M","Missing value (data cannot exist, not applicable)"
"QCL","Crops and livestock products","756","Switzerland","5510","Production","01701","Beans, dry","2018","2018","t","0","M","Missing value (data cannot exist, not applicable)"
"QCL","Crops and livestock products","756","Switzerland","5510","Production","01701","Beans, dry","2019","2019","t","0","M","Missing value (data cannot exist, not applicable)"
"QCL","Crops and livestock products","756","Switzerland","5510","Production","01701","Beans, dry","2020","2020","t","0","M","Missing value (data cannot exist, not applicable)"
"QCL","Crops and livestock products","756","Switzerland","5510","Production","01701","Beans, dry","2021","2021","t","0","M","Missing value (data cannot exist, not applicable)"
"QCL","Crops and livestock products","756","Switzerland","5312","Area harvested","01702","Broad beans and horse beans, dry","1971","1971","ha","300","E","Estimated value"
"QCL","Crops and livestock products","756","Switzerland","5312","Area harvested","01702","Broad beans and horse beans, dry","1972","1972","ha","390","A","Official figure"
"QCL","Crops and livestock products","756","Switzerland","5312","Area harvested","01702","Broad beans and horse beans, dry","1973","1973","ha","720","A","Official figure"
"QCL","Crops and livestock products","756","Switzerland","5312","Area harvested","01702","Broad beans and horse beans, dry","1974","1974","ha","1310","A","Official figure"
"QCL","Crops and livestock products","756","Switzerland","5312","Area harvested","01702","Broad beans and horse beans, dry","1975","1975","ha","1087","A","Official figure"
"QCL","Crops and livestock products","756","Switzerland","5312","Area harvested","01702","Broad beans and horse beans, dry","1976","1976","ha","650","A","Official figure"
"QCL","Crops and livestock products","756","Switzerland","5312","Area harvested","01702","Broad beans and horse beans, dry","1977","1977","ha","220","A","Official figure"
"QCL","Crops and livestock products","756","Switzerland","5312","Area harvested","01702","Broad beans and horse beans, dry","1978","1978","ha","200","A","Official figure"
"QCL","Crops and livestock products","756","Switzerland","5312","Area harvested","01702","Broad beans and horse beans, dry","1979","1979","ha","150","A","Official figure"
"QCL","Crops and livestock products","756","Switzerland","5312","Area harvested","01702","Broad beans and horse beans, dry","1980","1980","ha","252","A","Official figure"
"QCL","Crops and livestock products","756","Switzerland","5312","Area harvested","01702","Broad beans and horse beans, dry","1981","1981","ha","190","A","Official figure"
"QCL","Crops and livestock products","756","Switzerland","5312","Area harvested","01702","Broad beans and horse beans, dry","1982","1982","ha","260","A","Official figure"
"QCL","Crops and livestock products","756","Switzerland","5312","Area harvested","01702","Broad beans and horse beans, dry","1983","1983","ha","450","A","Official figure"
"QCL","Crops and livestock products","756","Switzerland","5312","Area harvested","01702","Broad beans and horse beans, dry","1984","1984","ha","270","A","Official figure"
"QCL","Crops and livestock products","756","Switzerland","5312","Area harvested","01702","Broad beans and horse beans, dry","1985","1985","ha","202","A","Official figure"
"QCL","Crops and livestock products","756","Switzerland","5312","Area harvested","01702","Broad beans and horse beans, dry","1986","1986","ha","130","A","Official figure"
"QCL","Crops and livestock products","756","Switzerland","5312","Area harvested","01702","Broad beans and horse beans, dry","1987","1987","ha","136","A","Official figure"
"QCL","Crops and livestock products","756","Switzerland","5312","Area harvested","01702","Broad beans and horse beans, dry","1988","1988","ha","96","A","Official figure"
"QCL","Crops and livestock products","756","Switzerland","5312","Area harvested","01702","Broad beans and horse beans, dry","1989","1989","ha","120","A","Official figure"
"QCL","Crops and livestock products","756","Switzerland","5312","Area harvested","01702","Broad beans and horse beans, dry","1990","1990","ha","159","A","Official figure"
"QCL","Crops and livestock products","756","Switzerland","5312","Area harvested","01702","Broad beans and horse beans, dry","1991","1991","ha","120","A","Official figure"
"QCL","Crops and livestock products","756","Switzerland","5312","Area harvested","01702","Broad beans and horse beans, dry","1992","1992","ha","160","A","Official figure"
"QCL","Crops and livestock products","756","Switzerland","5312","Area harvested","01702","Broad beans and horse beans, dry","1993","1993","ha","260","A","Official figure"
"QCL","Crops and livestock products","756","Switzerland","5312","Area harvested","01702","Broad beans and horse beans, dry","1994","1994","ha","270","A","Official figure"
"QCL","Crops and livestock products","756","Switzerland","5312","Area harvested","01702","Broad beans and horse beans, dry","1995","1995","ha","307","A","Official figure"
"QCL","Crops and livestock products","756","Switzerland","5312","Area harvested","01702","Broad beans and horse beans, dry","1996","1996","ha","319","A","Official figure"
"QCL","Crops and livestock products","756","Switzerland","5312","Area harvested","01702","Broad beans and horse beans, dry","1997","1997","ha","350","A","Official figure"
"QCL","Crops and livestock products","756","Switzerland","5312","Area harvested","01702","Broad beans and horse beans, dry","1998","1998","ha","398","A","Official figure"
"QCL","Crops and livestock products","756","Switzerland","5312","Area harvested","01702","Broad beans and horse beans, dry","1999","1999","ha","270","A","Official figure"
"QCL","Crops and livestock products","756","Switzerland","5312","Area harvested","01702","Broad beans and horse beans, dry","2000","2000","ha","275","A","Official figure"
"QCL","Crops and livestock products","756","Switzerland","5312","Area harvested","01702","Broad beans and horse beans, dry","2001","2001","ha","300","A","Official figure"
"QCL","Crops and livestock products","756","Switzerland","5312","Area harvested","01702","Broad beans and horse beans, dry","2002","2002","ha","308","A","Official figure"
"QCL","Crops and livestock products","756","Switzerland","5312","Area harvested","01702","Broad beans and horse beans, dry","2003","2003","ha","311","A","Official figure"
"QCL","Crops and livestock products","756","Switzerland","5312","Area harvested","01702","Broad beans and horse beans, dry","2004","2004","ha","249","A","Official figure"
"QCL","Crops and livestock products","756","Switzerland","5312","Area harvested","01702","Broad beans and horse beans, dry","2005","2005","ha","272","A","Official figure"
"QCL","Crops and livestock products","756","Switzerland","5312","Area harvested","01702","Broad beans and horse beans, dry","2006","2006","ha","293","A","Official figure"
"QCL","Crops and livestock products","756","Switzerland","5312","Area harvested","01702","Broad beans and horse beans, dry","2007","2007","ha","278","A","Official figure"
"QCL","Crops and livestock products","756","Switzerland","5312","Area harvested","01702","Broad beans and horse beans, dry","2008","2008","ha","245","A","Official figure"
"QCL","Crops and livestock products","756","Switzerland","5312","Area harvested","01702","Broad beans and horse beans, dry","2009","2009","ha","259","A","Official figure"
"QCL","Crops and livestock products","756","Switzerland","5312","Area harvested","01702","Broad beans and horse beans, dry","2010","2010","ha","274","A","Official figure"
"QCL","Crops and livestock products","756","Switzerland","5312","Area harvested","01702","Broad beans and horse beans, dry","2011","2011","ha","319","A","Official figure"
"QCL","Crops and livestock products","756","Switzerland","5312","Area harvested","01702","Broad beans and horse beans, dry","2012","2012","ha","305","A","Official figure"
"QCL","Crops and livestock products","756","Switzerland","5312","Area harvested","01702","Broad beans and horse beans, dry","2013","2013","ha","426","A","Official figure"
"QCL","Crops and livestock products","756","Switzerland","5312","Area harvested","01702","Broad beans and horse beans, dry","2014","2014","ha","493","A","Official figure"
"QCL","Crops and livestock products","756","Switzerland","5312","Area harvested","01702","Broad beans and horse beans, dry","2015","2015","ha","556","A","Official figure"
"QCL","Crops and livestock products","756","Switzerland","5312","Area harvested","01702","Broad beans and horse beans, dry","2016","2016","ha","646","A","Official figure"
"QCL","Crops and livestock products","756","Switzerland","5312","Area harvested","01702","Broad beans and horse beans, dry","2017","2017","ha","1039","A","Official figure"
"QCL","Crops and livestock products","756","Switzerland","5312","Area harvested","01702","Broad beans and horse beans, dry","2018","2018","ha","1003","A","Official figure"
"QCL","Crops and livestock products","756","Switzerland","5312","Area harvested","01702","Broad beans and horse beans, dry","2019","2019","ha","1002","A","Official figure"
"QCL","Crops and livestock products","756","Switzerland","5312","Area harvested","01702","Broad beans and horse beans, dry","2020","2020","ha","957","A","Official figure"
"QCL","Crops and livestock products","756","Switzerland","5312","Area harvested","01702","Broad beans and horse beans, dry","2021","2021","ha","722","A","Official figure"
"QCL","Crops and livestock products","756","Switzerland","5419","Yield","01702","Broad beans and horse beans, dry","1971","1971","100 g/ha","30000","E","Estimated value"
"QCL","Crops and livestock products","756","Switzerland","5419","Yield","01702","Broad beans and horse beans, dry","1972","1972","100 g/ha","33333","E","Estimated value"
"QCL","Crops and livestock products","756","Switzerland","5419","Yield","01702","Broad beans and horse beans, dry","1973","1973","100 g/ha","34722","E","Estimated value"
"QCL","Crops and livestock products","756","Switzerland","5419","Yield","01702","Broad beans and horse beans, dry","1974","1974","100 g/ha","38168","E","Estimated value"
"QCL","Crops and livestock products","756","Switzerland","5419","Yield","01702","Broad beans and horse beans, dry","1975","1975","100 g/ha","33119","E","Estimated value"
"QCL","Crops and livestock products","756","Switzerland","5419","Yield","01702","Broad beans and horse beans, dry","1976","1976","100 g/ha","20000","E","Estimated value"
"QCL","Crops and livestock products","756","Switzerland","5419","Yield","01702","Broad beans and horse beans, dry","1977","1977","100 g/ha","36364","E","Estimated value"
"QCL","Crops and livestock products","756","Switzerland","5419","Yield","01702","Broad beans and horse beans, dry","1978","1978","100 g/ha","40000","E","Estimated value"
"QCL","Crops and livestock products","756","Switzerland","5419","Yield","01702","Broad beans and horse beans, dry","1979","1979","100 g/ha","33333","E","Estimated value"
"QCL","Crops and livestock products","756","Switzerland","5419","Yield","01702","Broad beans and horse beans, dry","1980","1980","100 g/ha","35714","E","Estimated value"
"QCL","Crops and livestock products","756","Switzerland","5419","Yield","01702","Broad beans and horse beans, dry","1981","1981","100 g/ha","31579","E","Estimated value"
"QCL","Crops and livestock products","756","Switzerland","5419","Yield","01702","Broad beans and horse beans, dry","1982","1982","100 g/ha","36000","E","Estimated value"
"QCL","Crops and livestock products","756","Switzerland","5419","Yield","01702","Broad beans and horse beans, dry","1983","1983","100 g/ha","38200","E","Estimated value"
"QCL","Crops and livestock products","756","Switzerland","5419","Yield","01702","Broad beans and horse beans, dry","1984","1984","100 g/ha","39000","E","Estimated value"
"QCL","Crops and livestock products","756","Switzerland","5419","Yield","01702","Broad beans and horse beans, dry","1985","1985","100 g/ha","35594","E","Estimated value"
"QCL","Crops and livestock products","756","Switzerland","5419","Yield","01702","Broad beans and horse beans, dry","1986","1986","100 g/ha","31385","E","Estimated value"
"QCL","Crops and livestock products","756","Switzerland","5419","Yield","01702","Broad beans and horse beans, dry","1987","1987","100 g/ha","36691","E","Estimated value"
"QCL","Crops and livestock products","756","Switzerland","5419","Yield","01702","Broad beans and horse beans, dry","1988","1988","100 g/ha","41563","E","Estimated value"
"QCL","Crops and livestock products","756","Switzerland","5419","Yield","01702","Broad beans and horse beans, dry","1989","1989","100 g/ha","33333","E","Estimated value"
"QCL","Crops and livestock products","756","Switzerland","5419","Yield","01702","Broad beans and horse beans, dry","1990","1990","100 g/ha","49182","E","Estimated value"
"QCL","Crops and livestock products","756","Switzerland","5419","Yield","01702","Broad beans and horse beans, dry","1991","1991","100 g/ha","34500","A","Official figure"
"QCL","Crops and livestock products","756","Switzerland","5419","Yield","01702","Broad beans and horse beans, dry","1992","1992","100 g/ha","36438","A","Official figure"
"QCL","Crops and livestock products","756","Switzerland","5419","Yield","01702","Broad beans and horse beans, dry","1993","1993","100 g/ha","39577","A","Official figure"
"QCL","Crops and livestock products","756","Switzerland","5419","Yield","01702","Broad beans and horse beans, dry","1994","1994","100 g/ha","33778","A","Official figure"
"QCL","Crops and livestock products","756","Switzerland","5419","Yield","01702","Broad beans and horse beans, dry","1995","1995","100 g/ha","36091","A","Official figure"
"QCL","Crops and livestock products","756","Switzerland","5419","Yield","01702","Broad beans and horse beans, dry","1996","1996","100 g/ha","46959","A","Official figure"
"QCL","Crops and livestock products","756","Switzerland","5419","Yield","01702","Broad beans and horse beans, dry","1997","1997","100 g/ha","40943","A","Official figure"
"QCL","Crops and livestock products","756","Switzerland","5419","Yield","01702","Broad beans and horse beans, dry","1998","1998","100 g/ha","39196","A","Official figure"
"QCL","Crops and livestock products","756","Switzerland","5419","Yield","01702","Broad beans and horse beans, dry","1999","1999","100 g/ha","34296","A","Official figure"
"QCL","Crops and livestock products","756","Switzerland","5419","Yield","01702","Broad beans and horse beans, dry","2000","2000","100 g/ha","40000","A","Official figure"
"QCL","Crops and livestock products","756","Switzerland","5419","Yield","01702","Broad beans and horse beans, dry","2001","2001","100 g/ha","33333","A","Official figure"
"QCL","Crops and livestock products","756","Switzerland","5419","Yield","01702","Broad beans and horse beans, dry","2002","2002","100 g/ha","38961","A","Official figure"
"QCL","Crops and livestock products","756","Switzerland","5419","Yield","01702","Broad beans and horse beans, dry","2003","2003","100 g/ha","35370","A","Official figure"
"QCL","Crops and livestock products","756","Switzerland","5419","Yield","01702","Broad beans and horse beans, dry","2004","2004","100 g/ha","36145","A","Official figure"
"QCL","Crops and livestock products","756","Switzerland","5419","Yield","01702","Broad beans and horse beans, dry","2005","2005","100 g/ha","44118","A","Official figure"
"QCL","Crops and livestock products","756","Switzerland","5419","Yield","01702","Broad beans and horse beans, dry","2006","2006","100 g/ha","27304","A","Official figure"
"QCL","Crops and livestock products","756","Switzerland","5419","Yield","01702","Broad beans and horse beans, dry","2007","2007","100 g/ha","25180","A","Official figure"
"QCL","Crops and livestock products","756","Switzerland","5419","Yield","01702","Broad beans and horse beans, dry","2008","2008","100 g/ha","32653","A","Official figure"
"QCL","Crops and livestock products","756","Switzerland","5419","Yield","01702","Broad beans and horse beans, dry","2009","2009","100 g/ha","31969","A","Official figure"
"QCL","Crops and livestock products","756","Switzerland","5419","Yield","01702","Broad beans and horse beans, dry","2010","2010","100 g/ha","31058","A","Official figure"
"QCL","Crops and livestock products","756","Switzerland","5419","Yield","01702","Broad beans and horse beans, dry","2011","2011","100 g/ha","36897","A","Official figure"
"QCL","Crops and livestock products","756","Switzerland","5419","Yield","01702","Broad beans and horse beans, dry","2012","2012","100 g/ha","31016","A","Official figure"
"QCL","Crops and livestock products","756","Switzerland","5419","Yield","01702","Broad beans and horse beans, dry","2013","2013","100 g/ha","25704","A","Official figure"
"QCL","Crops and livestock products","756","Switzerland","5419","Yield","01702","Broad beans and horse beans, dry","2014","2014","100 g/ha","29006","A","Official figure"
"QCL","Crops and livestock products","756","Switzerland","5419","Yield","01702","Broad beans and horse beans, dry","2015","2015","100 g/ha","26475","A","Official figure"
"QCL","Crops and livestock products","756","Switzerland","5419","Yield","01702","Broad beans and horse beans, dry","2016","2016","100 g/ha","26176","A","Official figure"
"QCL","Crops and livestock products","756","Switzerland","5419","Yield","01702","Broad beans and horse beans, dry","2017","2017","100 g/ha","29105","A","Official figure"
"QCL","Crops and livestock products","756","Switzerland","5419","Yield","01702","Broad beans and horse beans, dry","2018","2018","100 g/ha","26062","A","Official figure"
"QCL","Crops and livestock products","756","Switzerland","5419","Yield","01702","Broad beans and horse beans, dry","2019","2019","100 g/ha","31567","A","Official figure"
"QCL","Crops and livestock products","756","Switzerland","5419","Yield","01702","Broad beans and horse beans, dry","2020","2020","100 g/ha","20167","A","Official figure"
"QCL","Crops and livestock products","756","Switzerland","5419","Yield","01702","Broad beans and horse beans, dry","2021","2021","100 g/ha","21357","A","Official figure"
"QCL","Crops and livestock products","756","Switzerland","5510","Production","01702","Broad beans and horse beans, dry","1971","1971","t","900","E","Estimated value"
"QCL","Crops and livestock products","756","Switzerland","5510","Production","01702","Broad beans and horse beans, dry","1972","1972","t","1300","A","Official figure"
"QCL","Crops and livestock products","756","Switzerland","5510","Production","01702","Broad beans and horse beans, dry","1973","1973","t","2500","A","Official figure"
"QCL","Crops and livestock products","756","Switzerland","5510","Production","01702","Broad beans and horse beans, dry","1974","1974","t","5000","A","Official figure"
"QCL","Crops and livestock products","756","Switzerland","5510","Production","01702","Broad beans and horse beans, dry","1975","1975","t","3600","A","Official figure"
"QCL","Crops and livestock products","756","Switzerland","5510","Production","01702","Broad beans and horse beans, dry","1976","1976","t","1300","A","Official figure"
"QCL","Crops and livestock products","756","Switzerland","5510","Production","01702","Broad beans and horse beans, dry","1977","1977","t","800","A","Official figure"
"QCL","Crops and livestock products","756","Switzerland","5510","Production","01702","Broad beans and horse beans, dry","1978","1978","t","800","A","Official figure"
"QCL","Crops and livestock products","756","Switzerland","5510","Production","01702","Broad beans and horse beans, dry","1979","1979","t","500","A","Official figure"
"QCL","Crops and livestock products","756","Switzerland","5510","Production","01702","Broad beans and horse beans, dry","1980","1980","t","900","A","Official figure"
"QCL","Crops and livestock products","756","Switzerland","5510","Production","01702","Broad beans and horse beans, dry","1981","1981","t","600","A","Official figure"
"QCL","Crops and livestock products","756","Switzerland","5510","Production","01702","Broad beans and horse beans, dry","1982","1982","t","936","A","Official figure"
"QCL","Crops and livestock products","756","Switzerland","5510","Production","01702","Broad beans and horse beans, dry","1983","1983","t","1719","A","Official figure"
"QCL","Crops and livestock products","756","Switzerland","5510","Production","01702","Broad beans and horse beans, dry","1984","1984","t","1053","A","Official figure"
"QCL","Crops and livestock products","756","Switzerland","5510","Production","01702","Broad beans and horse beans, dry","1985","1985","t","719","A","Official figure"
"QCL","Crops and livestock products","756","Switzerland","5510","Production","01702","Broad beans and horse beans, dry","1986","1986","t","408","A","Official figure"
"QCL","Crops and livestock products","756","Switzerland","5510","Production","01702","Broad beans and horse beans, dry","1987","1987","t","499","A","Official figure"
"QCL","Crops and livestock products","756","Switzerland","5510","Production","01702","Broad beans and horse beans, dry","1988","1988","t","399","A","Official figure"
"QCL","Crops and livestock products","756","Switzerland","5510","Production","01702","Broad beans and horse beans, dry","1989","1989","t","400","A","Official figure"
"QCL","Crops and livestock products","756","Switzerland","5510","Production","01702","Broad beans and horse beans, dry","1990","1990","t","782","A","Official figure"
"QCL","Crops and livestock products","756","Switzerland","5510","Production","01702","Broad beans and horse beans, dry","1991","1991","t","414","A","Official figure"
"QCL","Crops and livestock products","756","Switzerland","5510","Production","01702","Broad beans and horse beans, dry","1992","1992","t","583","A","Official figure"
"QCL","Crops and livestock products","756","Switzerland","5510","Production","01702","Broad beans and horse beans, dry","1993","1993","t","1029","A","Official figure"
"QCL","Crops and livestock products","756","Switzerland","5510","Production","01702","Broad beans and horse beans, dry","1994","1994","t","912","A","Official figure"
"QCL","Crops and livestock products","756","Switzerland","5510","Production","01702","Broad beans and horse beans, dry","1995","1995","t","1108","A","Official figure"
"QCL","Crops and livestock products","756","Switzerland","5510","Production","01702","Broad beans and horse beans, dry","1996","1996","t","1498","A","Official figure"
"QCL","Crops and livestock products","756","Switzerland","5510","Production","01702","Broad beans and horse beans, dry","1997","1997","t","1433","A","Official figure"
"QCL","Crops and livestock products","756","Switzerland","5510","Production","01702","Broad beans and horse beans, dry","1998","1998","t","1560","A","Official figure"
"QCL","Crops and livestock products","756","Switzerland","5510","Production","01702","Broad beans and horse beans, dry","1999","1999","t","926","A","Official figure"
"QCL","Crops and livestock products","756","Switzerland","5510","Production","01702","Broad beans and horse beans, dry","2000","2000","t","1100","A","Official figure"
"QCL","Crops and livestock products","756","Switzerland","5510","Production","01702","Broad beans and horse beans, dry","2001","2001","t","1000","A","Official figure"
"QCL","Crops and livestock products","756","Switzerland","5510","Production","01702","Broad beans and horse beans, dry","2002","2002","t","1200","A","Official figure"
"QCL","Crops and livestock products","756","Switzerland","5510","Production","01702","Broad beans and horse beans, dry","2003","2003","t","1100","A","Official figure"
"QCL","Crops and livestock products","756","Switzerland","5510","Production","01702","Broad beans and horse beans, dry","2004","2004","t","900","A","Official figure"
"QCL","Crops and livestock products","756","Switzerland","5510","Production","01702","Broad beans and horse beans, dry","2005","2005","t","1200","A","Official figure"
"QCL","Crops and livestock products","756","Switzerland","5510","Production","01702","Broad beans and horse beans, dry","2006","2006","t","800","A","Official figure"
"QCL","Crops and livestock products","756","Switzerland","5510","Production","01702","Broad beans and horse beans, dry","2007","2007","t","700","A","Official figure"
"QCL","Crops and livestock products","756","Switzerland","5510","Production","01702","Broad beans and horse beans, dry","2008","2008","t","800","A","Official figure"
"QCL","Crops and livestock products","756","Switzerland","5510","Production","01702","Broad beans and horse beans, dry","2009","2009","t","828","A","Official figure"
"QCL","Crops and livestock products","756","Switzerland","5510","Production","01702","Broad beans and horse beans, dry","2010","2010","t","851","A","Official figure"
"QCL","Crops and livestock products","756","Switzerland","5510","Production","01702","Broad beans and horse beans, dry","2011","2011","t","1177","A","Official figure"
"QCL","Crops and livestock products","756","Switzerland","5510","Production","01702","Broad beans and horse beans, dry","2012","2012","t","946","A","Official figure"
"QCL","Crops and livestock products","756","Switzerland","5510","Production","01702","Broad beans and horse beans, dry","2013","2013","t","1095","A","Official figure"
"QCL","Crops and livestock products","756","Switzerland","5510","Production","01702","Broad beans and horse beans, dry","2014","2014","t","1430","A","Official figure"
"QCL","Crops and livestock products","756","Switzerland","5510","Production","01702","Broad beans and horse beans, dry","2015","2015","t","1472","A","Official figure"
"QCL","Crops and livestock products","756","Switzerland","5510","Production","01702","Broad beans and horse beans, dry","2016","2016","t","1691","A","Official figure"
"QCL","Crops and livestock products","756","Switzerland","5510","Production","01702","Broad beans and horse beans, dry","2017","2017","t","3024","A","Official figure"
"QCL","Crops and livestock products","756","Switzerland","5510","Production","01702","Broad beans and horse beans, dry","2018","2018","t","2614","A","Official figure"
"QCL","Crops and livestock products","756","Switzerland","5510","Production","01702","Broad beans and horse beans, dry","2019","2019","t","3163","A","Official figure"
"QCL","Crops and livestock products","756","Switzerland","5510","Production","01702","Broad beans and horse beans, dry","2020","2020","t","1930","A","Official figure"
"QCL","Crops and livestock products","756","Switzerland","5510","Production","01702","Broad beans and horse beans, dry","2021","2021","t","1542","A","Official figure"
"QCL","Crops and livestock products","756","Switzerland","5312","Area harvested","01705","Peas, dry","1983","1983","ha","129","A","Official figure"
"QCL","Crops and livestock products","756","Switzerland","5312","Area harvested","01705","Peas, dry","1984","1984","ha","330","A","Official figure"
"QCL","Crops and livestock products","756","Switzerland","5312","Area harvested","01705","Peas, dry","1985","1985","ha","516","A","Official figure"
"QCL","Crops and livestock products","756","Switzerland","5312","Area harvested","01705","Peas, dry","1986","1986","ha","832","A","Official figure"
"QCL","Crops and livestock products","756","Switzerland","5312","Area harvested","01705","Peas, dry","1987","1987","ha","1218","A","Official figure"
"QCL","Crops and livestock products","756","Switzerland","5312","Area harvested","01705","Peas, dry","1988","1988","ha","1204","A","Official figure"
"QCL","Crops and livestock products","756","Switzerland","5312","Area harvested","01705","Peas, dry","1989","1989","ha","1380","A","Official figure"
"QCL","Crops and livestock products","756","Switzerland","5312","Area harvested","01705","Peas, dry","1990","1990","ha","1676","A","Official figure"
"QCL","Crops and livestock products","756","Switzerland","5312","Area harvested","01705","Peas, dry","1991","1991","ha","2030","A","Official figure"
"QCL","Crops and livestock products","756","Switzerland","5312","Area harvested","01705","Peas, dry","1992","1992","ha","2630","A","Official figure"
"QCL","Crops and livestock products","756","Switzerland","5312","Area harvested","01705","Peas, dry","1993","1993","ha","2260","A","Official figure"
"QCL","Crops and livestock products","756","Switzerland","5312","Area harvested","01705","Peas, dry","1994","1994","ha","1980","A","Official figure"
"QCL","Crops and livestock products","756","Switzerland","5312","Area harvested","01705","Peas, dry","1995","1995","ha","1921","A","Official figure"
"QCL","Crops and livestock products","756","Switzerland","5312","Area harvested","01705","Peas, dry","1996","1996","ha","2015","A","Official figure"
"QCL","Crops and livestock products","756","Switzerland","5312","Area harvested","01705","Peas, dry","1997","1997","ha","2955","A","Official figure"
"QCL","Crops and livestock products","756","Switzerland","5312","Area harvested","01705","Peas, dry","1998","1998","ha","2468","A","Official figure"
"QCL","Crops and livestock products","756","Switzerland","5312","Area harvested","01705","Peas, dry","1999","1999","ha","2680","A","Official figure"
"QCL","Crops and livestock products","756","Switzerland","5312","Area harvested","01705","Peas, dry","2000","2000","ha","2580","A","Official figure"
"QCL","Crops and livestock products","756","Switzerland","5312","Area harvested","01705","Peas, dry","2001","2001","ha","2924","A","Official figure"
"QCL","Crops and livestock products","756","Switzerland","5312","Area harvested","01705","Peas, dry","2002","2002","ha","3989","A","Official figure"
"QCL","Crops and livestock products","756","Switzerland","5312","Area harvested","01705","Peas, dry","2003","2003","ha","4989","A","Official figure"
"QCL","Crops and livestock products","756","Switzerland","5312","Area harvested","01705","Peas, dry","2004","2004","ha","4600","A","Official figure"
"QCL","Crops and livestock products","756","Switzerland","5312","Area harvested","01705","Peas, dry","2005","2005","ha","4807","A","Official figure"
"QCL","Crops and livestock products","756","Switzerland","5312","Area harvested","01705","Peas, dry","2006","2006","ha","5254","A","Official figure"
"QCL","Crops and livestock products","756","Switzerland","5312","Area harvested","01705","Peas, dry","2007","2007","ha","5243","A","Official figure"
"QCL","Crops and livestock products","756","Switzerland","5312","Area harvested","01705","Peas, dry","2008","2008","ha","4291","A","Official figure"
"QCL","Crops and livestock products","756","Switzerland","5312","Area harvested","01705","Peas, dry","2009","2009","ha","3715","A","Official figure"
"QCL","Crops and livestock products","756","Switzerland","5312","Area harvested","01705","Peas, dry","2010","2010","ha","3483","A","Official figure"
"QCL","Crops and livestock products","756","Switzerland","5312","Area harvested","01705","Peas, dry","2011","2011","ha","3497","A","Official figure"
"QCL","Crops and livestock products","756","Switzerland","5312","Area harvested","01705","Peas, dry","2012","2012","ha","3473","A","Official figure"
"QCL","Crops and livestock products","756","Switzerland","5312","Area harvested","01705","Peas, dry","2013","2013","ha","3619","A","Official figure"
"QCL","Crops and livestock products","756","Switzerland","5312","Area harvested","01705","Peas, dry","2014","2014","ha","3759","A","Official figure"
"QCL","Crops and livestock products","756","Switzerland","5312","Area harvested","01705","Peas, dry","2015","2015","ha","4355","A","Official figure"
"QCL","Crops and livestock products","756","Switzerland","5312","Area harvested","01705","Peas, dry","2016","2016","ha","4553","A","Official figure"
"QCL","Crops and livestock products","756","Switzerland","5312","Area harvested","01705","Peas, dry","2017","2017","ha","4476","A","Official figure"
"QCL","Crops and livestock products","756","Switzerland","5312","Area harvested","01705","Peas, dry","2018","2018","ha","4267","A","Official figure"
"QCL","Crops and livestock products","756","Switzerland","5312","Area harvested","01705","Peas, dry","2019","2019","ha","3875","A","Official figure"
"QCL","Crops and livestock products","756","Switzerland","5312","Area harvested","01705","Peas, dry","2020","2020","ha","3913","A","Official figure"
"QCL","Crops and livestock products","756","Switzerland","5312","Area harvested","01705","Peas, dry","2021","2021","ha","3854","A","Official figure"
"QCL","Crops and livestock products","756","Switzerland","5419","Yield","01705","Peas, dry","1983","1983","100 g/ha","50000","E","Estimated value"
"QCL","Crops and livestock products","756","Switzerland","5419","Yield","01705","Peas, dry","1984","1984","100 g/ha","53000","E","Estimated value"
"QCL","Crops and livestock products","756","Switzerland","5419","Yield","01705","Peas, dry","1985","1985","100 g/ha","43992","E","Estimated value"
"QCL","Crops and livestock products","756","Switzerland","5419","Yield","01705","Peas, dry","1986","1986","100 g/ha","41695","E","Estimated value"
"QCL","Crops and livestock products","756","Switzerland","5419","Yield","01705","Peas, dry","1987","1987","100 g/ha","38703","E","Estimated value"
"QCL","Crops and livestock products","756","Switzerland","5419","Yield","01705","Peas, dry","1988","1988","100 g/ha","45797","E","Estimated value"
"QCL","Crops and livestock products","756","Switzerland","5419","Yield","01705","Peas, dry","1989","1989","100 g/ha","45652","E","Estimated value"
"QCL","Crops and livestock products","756","Switzerland","5419","Yield","01705","Peas, dry","1990","1990","100 g/ha","41169","E","Estimated value"
"QCL","Crops and livestock products","756","Switzerland","5419","Yield","01705","Peas, dry","1991","1991","100 g/ha","40887","A","Official figure"
"QCL","Crops and livestock products","756","Switzerland","5419","Yield","01705","Peas, dry","1992","1992","100 g/ha","38783","A","Official figure"
"QCL","Crops and livestock products","756","Switzerland","5419","Yield","01705","Peas, dry","1993","1993","100 g/ha","34071","A","Official figure"
"QCL","Crops and livestock products","756","Switzerland","5419","Yield","01705","Peas, dry","1994","1994","100 g/ha","38889","A","Official figure"
"QCL","Crops and livestock products","756","Switzerland","5419","Yield","01705","Peas, dry","1995","1995","100 g/ha","41124","A","Official figure"
"QCL","Crops and livestock products","756","Switzerland","5419","Yield","01705","Peas, dry","1996","1996","100 g/ha","43176","A","Official figure"
"QCL","Crops and livestock products","756","Switzerland","5419","Yield","01705","Peas, dry","1997","1997","100 g/ha","40609","A","Official figure"
"QCL","Crops and livestock products","756","Switzerland","5419","Yield","01705","Peas, dry","1998","1998","100 g/ha","39303","A","Official figure"
"QCL","Crops and livestock products","756","Switzerland","5419","Yield","01705","Peas, dry","1999","1999","100 g/ha","34328","A","Official figure"
"QCL","Crops and livestock products","756","Switzerland","5419","Yield","01705","Peas, dry","2000","2000","100 g/ha","34884","A","Official figure"
"QCL","Crops and livestock products","756","Switzerland","5419","Yield","01705","Peas, dry","2001","2001","100 g/ha","36252","A","Official figure"
"QCL","Crops and livestock products","756","Switzerland","5419","Yield","01705","Peas, dry","2002","2002","100 g/ha","38857","A","Official figure"
"QCL","Crops and livestock products","756","Switzerland","5419","Yield","01705","Peas, dry","2003","2003","100 g/ha","35113","A","Official figure"
"QCL","Crops and livestock products","756","Switzerland","5419","Yield","01705","Peas, dry","2004","2004","100 g/ha","36570","A","Official figure"
"QCL","Crops and livestock products","756","Switzerland","5419","Yield","01705","Peas, dry","2005","2005","100 g/ha","37150","A","Official figure"
"QCL","Crops and livestock products","756","Switzerland","5419","Yield","01705","Peas, dry","2006","2006","100 g/ha","35021","A","Official figure"
"QCL","Crops and livestock products","756","Switzerland","5419","Yield","01705","Peas, dry","2007","2007","100 g/ha","34904","A","Official figure"
"QCL","Crops and livestock products","756","Switzerland","5419","Yield","01705","Peas, dry","2008","2008","100 g/ha","38802","A","Official figure"
"QCL","Crops and livestock products","756","Switzerland","5419","Yield","01705","Peas, dry","2009","2009","100 g/ha","39096","A","Official figure"
"QCL","Crops and livestock products","756","Switzerland","5419","Yield","01705","Peas, dry","2010","2010","100 g/ha","41737","A","Official figure"
"QCL","Crops and livestock products","756","Switzerland","5419","Yield","01705","Peas, dry","2011","2011","100 g/ha","40289","A","Official figure"
"QCL","Crops and livestock products","756","Switzerland","5419","Yield","01705","Peas, dry","2012","2012","100 g/ha","37835","A","Official figure"
"QCL","Crops and livestock products","756","Switzerland","5419","Yield","01705","Peas, dry","2013","2013","100 g/ha","33985","A","Official figure"
"QCL","Crops and livestock products","756","Switzerland","5419","Yield","01705","Peas, dry","2014","2014","100 g/ha","37441","A","Official figure"
"QCL","Crops and livestock products","756","Switzerland","5419","Yield","01705","Peas, dry","2015","2015","100 g/ha","34519","A","Official figure"
"QCL","Crops and livestock products","756","Switzerland","5419","Yield","01705","Peas, dry","2016","2016","100 g/ha","19813","A","Official figure"
"QCL","Crops and livestock products","756","Switzerland","5419","Yield","01705","Peas, dry","2017","2017","100 g/ha","35664","A","Official figure"
"QCL","Crops and livestock products","756","Switzerland","5419","Yield","01705","Peas, dry","2018","2018","100 g/ha","31992","A","Official figure"
"QCL","Crops and livestock products","756","Switzerland","5419","Yield","01705","Peas, dry","2019","2019","100 g/ha","35894","A","Official figure"
"QCL","Crops and livestock products","756","Switzerland","5419","Yield","01705","Peas, dry","2020","2020","100 g/ha","29670","A","Official figure"
"QCL","Crops and livestock products","756","Switzerland","5419","Yield","01705","Peas, dry","2021","2021","100 g/ha","20983","A","Official figure"
"QCL","Crops and livestock products","756","Switzerland","5510","Production","01705","Peas, dry","1983","1983","t","645","A","Official figure"
"QCL","Crops and livestock products","756","Switzerland","5510","Production","01705","Peas, dry","1984","1984","t","1749","A","Official figure"
"QCL","Crops and livestock products","756","Switzerland","5510","Production","01705","Peas, dry","1985","1985","t","2270","A","Official figure"
"QCL","Crops and livestock products","756","Switzerland","5510","Production","01705","Peas, dry","1986","1986","t","3469","A","Official figure"
"QCL","Crops and livestock products","756","Switzerland","5510","Production","01705","Peas, dry","1987","1987","t","4714","A","Official figure"
"QCL","Crops and livestock products","756","Switzerland","5510","Production","01705","Peas, dry","1988","1988","t","5514","A","Official figure"
"QCL","Crops and livestock products","756","Switzerland","5510","Production","01705","Peas, dry","1989","1989","t","6300","A","Official figure"
"QCL","Crops and livestock products","756","Switzerland","5510","Production","01705","Peas, dry","1990","1990","t","6900","A","Official figure"
"QCL","Crops and livestock products","756","Switzerland","5510","Production","01705","Peas, dry","1991","1991","t","8300","A","Official figure"
"QCL","Crops and livestock products","756","Switzerland","5510","Production","01705","Peas, dry","1992","1992","t","10200","A","Official figure"
"QCL","Crops and livestock products","756","Switzerland","5510","Production","01705","Peas, dry","1993","1993","t","7700","A","Official figure"
"QCL","Crops and livestock products","756","Switzerland","5510","Production","01705","Peas, dry","1994","1994","t","7700","A","Official figure"
"QCL","Crops and livestock products","756","Switzerland","5510","Production","01705","Peas, dry","1995","1995","t","7900","A","Official figure"
"QCL","Crops and livestock products","756","Switzerland","5510","Production","01705","Peas, dry","1996","1996","t","8700","A","Official figure"
"QCL","Crops and livestock products","756","Switzerland","5510","Production","01705","Peas, dry","1997","1997","t","12000","A","Official figure"
"QCL","Crops and livestock products","756","Switzerland","5510","Production","01705","Peas, dry","1998","1998","t","9700","A","Official figure"
"QCL","Crops and livestock products","756","Switzerland","5510","Production","01705","Peas, dry","1999","1999","t","9200","A","Official figure"
"QCL","Crops and livestock products","756","Switzerland","5510","Production","01705","Peas, dry","2000","2000","t","9000","A","Official figure"
"QCL","Crops and livestock products","756","Switzerland","5510","Production","01705","Peas, dry","2001","2001","t","10600","A","Official figure"
"QCL","Crops and livestock products","756","Switzerland","5510","Production","01705","Peas, dry","2002","2002","t","15500","A","Official figure"
"QCL","Crops and livestock products","756","Switzerland","5510","Production","01705","Peas, dry","2003","2003","t","17518","A","Official figure"
"QCL","Crops and livestock products","756","Switzerland","5510","Production","01705","Peas, dry","2004","2004","t","16822","A","Official figure"
"QCL","Crops and livestock products","756","Switzerland","5510","Production","01705","Peas, dry","2005","2005","t","17858","A","Official figure"
"QCL","Crops and livestock products","756","Switzerland","5510","Production","01705","Peas, dry","2006","2006","t","18400","A","Official figure"
"QCL","Crops and livestock products","756","Switzerland","5510","Production","01705","Peas, dry","2007","2007","t","18300","A","Official figure"
"QCL","Crops and livestock products","756","Switzerland","5510","Production","01705","Peas, dry","2008","2008","t","16650","A","Official figure"
"QCL","Crops and livestock products","756","Switzerland","5510","Production","01705","Peas, dry","2009","2009","t","14524","A","Official figure"
"QCL","Crops and livestock products","756","Switzerland","5510","Production","01705","Peas, dry","2010","2010","t","14537","A","Official figure"
"QCL","Crops and livestock products","756","Switzerland","5510","Production","01705","Peas, dry","2011","2011","t","14089","A","Official figure"
"QCL","Crops and livestock products","756","Switzerland","5510","Production","01705","Peas, dry","2012","2012","t","13140","A","Official figure"
"QCL","Crops and livestock products","756","Switzerland","5510","Production","01705","Peas, dry","2013","2013","t","12299","A","Official figure"
"QCL","Crops and livestock products","756","Switzerland","5510","Production","01705","Peas, dry","2014","2014","t","14074","A","Official figure"
"QCL","Crops and livestock products","756","Switzerland","5510","Production","01705","Peas, dry","2015","2015","t","15033","A","Official figure"
"QCL","Crops and livestock products","756","Switzerland","5510","Production","01705","Peas, dry","2016","2016","t","9021","A","Official figure"
"QCL","Crops and livestock products","756","Switzerland","5510","Production","01705","Peas, dry","2017","2017","t","15963","A","Official figure"
"QCL","Crops and livestock products","756","Switzerland","5510","Production","01705","Peas, dry","2018","2018","t","13651","A","Official figure"
"QCL","Crops and livestock products","756","Switzerland","5510","Production","01705","Peas, dry","2019","2019","t","13909","A","Official figure"
"QCL","Crops and livestock products","756","Switzerland","5510","Production","01705","Peas, dry","2020","2020","t","11610","A","Official figure"
"QCL","Crops and livestock products","756","Switzerland","5510","Production","01705","Peas, dry","2021","2021","t","8087","A","Official figure"
"QCL","Crops and livestock products","756","Switzerland","5312","Area harvested","0141","Soya beans","1988","1988","ha","824","A","Official figure"
"QCL","Crops and livestock products","756","Switzerland","5312","Area harvested","0141","Soya beans","1989","1989","ha","903","A","Official figure"
"QCL","Crops and livestock products","756","Switzerland","5312","Area harvested","0141","Soya beans","1990","1990","ha","1076","A","Official figure"
"QCL","Crops and livestock products","756","Switzerland","5312","Area harvested","0141","Soya beans","1991","1991","ha","1545","A","Official figure"
"QCL","Crops and livestock products","756","Switzerland","5312","Area harvested","0141","Soya beans","1992","1992","ha","1801","A","Official figure"
"QCL","Crops and livestock products","756","Switzerland","5312","Area harvested","0141","Soya beans","1993","1993","ha","1806","A","Official figure"
"QCL","Crops and livestock products","756","Switzerland","5312","Area harvested","0141","Soya beans","1994","1994","ha","1691","A","Official figure"
"QCL","Crops and livestock products","756","Switzerland","5312","Area harvested","0141","Soya beans","1995","1995","ha","1747","A","Official figure"
"QCL","Crops and livestock products","756","Switzerland","5312","Area harvested","0141","Soya beans","1996","1996","ha","1840","A","Official figure"
"QCL","Crops and livestock products","756","Switzerland","5312","Area harvested","0141","Soya beans","1997","1997","ha","2341","A","Official figure"
"QCL","Crops and livestock products","756","Switzerland","5312","Area harvested","0141","Soya beans","1998","1998","ha","2884","A","Official figure"
"QCL","Crops and livestock products","756","Switzerland","5312","Area harvested","0141","Soya beans","1999","1999","ha","2273","A","Official figure"
"QCL","Crops and livestock products","756","Switzerland","5312","Area harvested","0141","Soya beans","2000","2000","ha","952","A","Official figure"
"QCL","Crops and livestock products","756","Switzerland","5312","Area harvested","0141","Soya beans","2001","2001","ha","407","A","Official figure"
"QCL","Crops and livestock products","756","Switzerland","5312","Area harvested","0141","Soya beans","2002","2002","ha","1607","A","Official figure"
"QCL","Crops and livestock products","756","Switzerland","5312","Area harvested","0141","Soya beans","2003","2003","ha","2527","A","Official figure"
"QCL","Crops and livestock products","756","Switzerland","5312","Area harvested","0141","Soya beans","2004","2004","ha","2496","A","Official figure"
"QCL","Crops and livestock products","756","Switzerland","5312","Area harvested","0141","Soya beans","2005","2005","ha","1518","A","Official figure"
"QCL","Crops and livestock products","756","Switzerland","5312","Area harvested","0141","Soya beans","2006","2006","ha","1125","A","Official figure"
"QCL","Crops and livestock products","756","Switzerland","5312","Area harvested","0141","Soya beans","2007","2007","ha","998","A","Official figure"
"QCL","Crops and livestock products","756","Switzerland","5312","Area harvested","0141","Soya beans","2008","2008","ha","997","A","Official figure"
"QCL","Crops and livestock products","756","Switzerland","5312","Area harvested","0141","Soya beans","2009","2009","ha","1108","A","Official figure"
"QCL","Crops and livestock products","756","Switzerland","5312","Area harvested","0141","Soya beans","2010","2010","ha","1087","A","Official figure"
"QCL","Crops and livestock products","756","Switzerland","5312","Area harvested","0141","Soya beans","2011","2011","ha","1123","A","Official figure"
"QCL","Crops and livestock products","756","Switzerland","5312","Area harvested","0141","Soya beans","2012","2012","ha","1085","A","Official figure"
"QCL","Crops and livestock products","756","Switzerland","5312","Area harvested","0141","Soya beans","2013","2013","ha","1407","A","Official figure"
"QCL","Crops and livestock products","756","Switzerland","5312","Area harvested","0141","Soya beans","2014","2014","ha","1496","A","Official figure"
"QCL","Crops and livestock products","756","Switzerland","5312","Area harvested","0141","Soya beans","2015","2015","ha","1719","A","Official figure"
"QCL","Crops and livestock products","756","Switzerland","5312","Area harvested","0141","Soya beans","2016","2016","ha","1765","A","Official figure"
"QCL","Crops and livestock products","756","Switzerland","5312","Area harvested","0141","Soya beans","2017","2017","ha","1695","A","Official figure"
"QCL","Crops and livestock products","756","Switzerland","5312","Area harvested","0141","Soya beans","2018","2018","ha","1801","A","Official figure"
"QCL","Crops and livestock products","756","Switzerland","5312","Area harvested","0141","Soya beans","2019","2019","ha","1721","A","Official figure"
"QCL","Crops and livestock products","756","Switzerland","5312","Area harvested","0141","Soya beans","2020","2020","ha","2032","A","Official figure"
"QCL","Crops and livestock products","756","Switzerland","5312","Area harvested","0141","Soya beans","2021","2021","ha","2249","A","Official figure"
"QCL","Crops and livestock products","756","Switzerland","5419","Yield","0141","Soya beans","1988","1988","100 g/ha","23471","E","Estimated value"
"QCL","Crops and livestock products","756","Switzerland","5419","Yield","0141","Soya beans","1989","1989","100 g/ha","24529","E","Estimated value"
"QCL","Crops and livestock products","756","Switzerland","5419","Yield","0141","Soya beans","1990","1990","100 g/ha","24266","E","Estimated value"
"QCL","Crops and livestock products","756","Switzerland","5419","Yield","0141","Soya beans","1991","1991","100 g/ha","23437","A","Official figure"
"QCL","Crops and livestock products","756","Switzerland","5419","Yield","0141","Soya beans","1992","1992","100 g/ha","26335","A","Official figure"
"QCL","Crops and livestock products","756","Switzerland","5419","Yield","0141","Soya beans","1993","1993","100 g/ha","22818","A","Official figure"
"QCL","Crops and livestock products","756","Switzerland","5419","Yield","0141","Soya beans","1994","1994","100 g/ha","27575","A","Official figure"
"QCL","Crops and livestock products","756","Switzerland","5419","Yield","0141","Soya beans","1995","1995","100 g/ha","27750","A","Official figure"
"QCL","Crops and livestock products","756","Switzerland","5419","Yield","0141","Soya beans","1996","1996","100 g/ha","25723","A","Official figure"
"QCL","Crops and livestock products","756","Switzerland","5419","Yield","0141","Soya beans","1997","1997","100 g/ha","26472","A","Official figure"
"QCL","Crops and livestock products","756","Switzerland","5419","Yield","0141","Soya beans","1998","1998","100 g/ha","26054","A","Official figure"
"QCL","Crops and livestock products","756","Switzerland","5419","Yield","0141","Soya beans","1999","1999","100 g/ha","33229","A","Official figure"
"QCL","Crops and livestock products","756","Switzerland","5419","Yield","0141","Soya beans","2000","2000","100 g/ha","39391","A","Official figure"
"QCL","Crops and livestock products","756","Switzerland","5419","Yield","0141","Soya beans","2001","2001","100 g/ha","30713","A","Official figure"
"QCL","Crops and livestock products","756","Switzerland","5419","Yield","0141","Soya beans","2002","2002","100 g/ha","30243","A","Official figure"
"QCL","Crops and livestock products","756","Switzerland","5419","Yield","0141","Soya beans","2003","2003","100 g/ha","23482","A","Official figure"
"QCL","Crops and livestock products","756","Switzerland","5419","Yield","0141","Soya beans","2004","2004","100 g/ha","28446","A","Official figure"
"QCL","Crops and livestock products","756","Switzerland","5419","Yield","0141","Soya beans","2005","2005","100 g/ha","26350","A","Official figure"
"QCL","Crops and livestock products","756","Switzerland","5419","Yield","0141","Soya beans","2006","2006","100 g/ha","26667","A","Official figure"
"QCL","Crops and livestock products","756","Switzerland","5419","Yield","0141","Soya beans","2007","2007","100 g/ha","26052","A","Official figure"
"QCL","Crops and livestock products","756","Switzerland","5419","Yield","0141","Soya beans","2008","2008","100 g/ha","29087","A","Official figure"
"QCL","Crops and livestock products","756","Switzerland","5419","Yield","0141","Soya beans","2009","2009","100 g/ha","27076","A","Official figure"
"QCL","Crops and livestock products","756","Switzerland","5419","Yield","0141","Soya beans","2010","2010","100 g/ha","28298","A","Official figure"
"QCL","Crops and livestock products","756","Switzerland","5419","Yield","0141","Soya beans","2011","2011","100 g/ha","29386","A","Official figure"
"QCL","Crops and livestock products","756","Switzerland","5419","Yield","0141","Soya beans","2012","2012","100 g/ha","28111","A","Official figure"
"QCL","Crops and livestock products","756","Switzerland","5419","Yield","0141","Soya beans","2013","2013","100 g/ha","25252","A","Official figure"
"QCL","Crops and livestock products","756","Switzerland","5419","Yield","0141","Soya beans","2014","2014","100 g/ha","25949","A","Official figure"
"QCL","Crops and livestock products","756","Switzerland","5419","Yield","0141","Soya beans","2015","2015","100 g/ha","23583","A","Official figure"
"QCL","Crops and livestock products","756","Switzerland","5419","Yield","0141","Soya beans","2016","2016","100 g/ha","25496","A","Official figure"
"QCL","Crops and livestock products","756","Switzerland","5419","Yield","0141","Soya beans","2017","2017","100 g/ha","33286","A","Official figure"
"QCL","Crops and livestock products","756","Switzerland","5419","Yield","0141","Soya beans","2018","2018","100 g/ha","20766","A","Official figure"
"QCL","Crops and livestock products","756","Switzerland","5419","Yield","0141","Soya beans","2019","2019","100 g/ha","31087","A","Official figure"
"QCL","Crops and livestock products","756","Switzerland","5419","Yield","0141","Soya beans","2020","2020","100 g/ha","25822","A","Official figure"
"QCL","Crops and livestock products","756","Switzerland","5419","Yield","0141","Soya beans","2021","2021","100 g/ha","24864","A","Official figure"
"QCL","Crops and livestock products","756","Switzerland","5510","Production","0141","Soya beans","1988","1988","t","1934","A","Official figure"
"QCL","Crops and livestock products","756","Switzerland","5510","Production","0141","Soya beans","1989","1989","t","2215","A","Official figure"
"QCL","Crops and livestock products","756","Switzerland","5510","Production","0141","Soya beans","1990","1990","t","2611","A","Official figure"
"QCL","Crops and livestock products","756","Switzerland","5510","Production","0141","Soya beans","1991","1991","t","3621","A","Official figure"
"QCL","Crops and livestock products","756","Switzerland","5510","Production","0141","Soya beans","1992","1992","t","4743","A","Official figure"
"QCL","Crops and livestock products","756","Switzerland","5510","Production","0141","Soya beans","1993","1993","t","4121","A","Official figure"
"QCL","Crops and livestock products","756","Switzerland","5510","Production","0141","Soya beans","1994","1994","t","4663","A","Official figure"
"QCL","Crops and livestock products","756","Switzerland","5510","Production","0141","Soya beans","1995","1995","t","4848","A","Official figure"
"QCL","Crops and livestock products","756","Switzerland","5510","Production","0141","Soya beans","1996","1996","t","4733","A","Official figure"
"QCL","Crops and livestock products","756","Switzerland","5510","Production","0141","Soya beans","1997","1997","t","6197","A","Official figure"
"QCL","Crops and livestock products","756","Switzerland","5510","Production","0141","Soya beans","1998","1998","t","7514","A","Official figure"
"QCL","Crops and livestock products","756","Switzerland","5510","Production","0141","Soya beans","1999","1999","t","7553","A","Official figure"
"QCL","Crops and livestock products","756","Switzerland","5510","Production","0141","Soya beans","2000","2000","t","3750","A","Official figure"
"QCL","Crops and livestock products","756","Switzerland","5510","Production","0141","Soya beans","2001","2001","t","1250","A","Official figure"
"QCL","Crops and livestock products","756","Switzerland","5510","Production","0141","Soya beans","2002","2002","t","4860","A","Official figure"
"QCL","Crops and livestock products","756","Switzerland","5510","Production","0141","Soya beans","2003","2003","t","5934","A","Official figure"
"QCL","Crops and livestock products","756","Switzerland","5510","Production","0141","Soya beans","2004","2004","t","7100","A","Official figure"
"QCL","Crops and livestock products","756","Switzerland","5510","Production","0141","Soya beans","2005","2005","t","4000","A","Official figure"
"QCL","Crops and livestock products","756","Switzerland","5510","Production","0141","Soya beans","2006","2006","t","3000","A","Official figure"
"QCL","Crops and livestock products","756","Switzerland","5510","Production","0141","Soya beans","2007","2007","t","2600","A","Official figure"
"QCL","Crops and livestock products","756","Switzerland","5510","Production","0141","Soya beans","2008","2008","t","2900","A","Official figure"
"QCL","Crops and livestock products","756","Switzerland","5510","Production","0141","Soya beans","2009","2009","t","3000","A","Official figure"
"QCL","Crops and livestock products","756","Switzerland","5510","Production","0141","Soya beans","2010","2010","t","3076","A","Official figure"
"QCL","Crops and livestock products","756","Switzerland","5510","Production","0141","Soya beans","2011","2011","t","3300","A","Official figure"
"QCL","Crops and livestock products","756","Switzerland","5510","Production","0141","Soya beans","2012","2012","t","3050","A","Official figure"
"QCL","Crops and livestock products","756","Switzerland","5510","Production","0141","Soya beans","2013","2013","t","3553","A","Official figure"
"QCL","Crops and livestock products","756","Switzerland","5510","Production","0141","Soya beans","2014","2014","t","3882","A","Official figure"
"QCL","Crops and livestock products","756","Switzerland","5510","Production","0141","Soya beans","2015","2015","t","4054","A","Official figure"
"QCL","Crops and livestock products","756","Switzerland","5510","Production","0141","Soya beans","2016","2016","t","4500","A","Official figure"
"QCL","Crops and livestock products","756","Switzerland","5510","Production","0141","Soya beans","2017","2017","t","5642","A","Official figure"
"QCL","Crops and livestock products","756","Switzerland","5510","Production","0141","Soya beans","2018","2018","t","3740","A","Official figure"
"QCL","Crops and livestock products","756","Switzerland","5510","Production","0141","Soya beans","2019","2019","t","5350","A","Official figure"
"QCL","Crops and livestock products","756","Switzerland","5510","Production","0141","Soya beans","2020","2020","t","5247","A","Official figure"
"QCL","Crops and livestock products","756","Switzerland","5510","Production","0141","Soya beans","2021","2021","t","5592","A","Official figure"
